source_csv,Config ID,Heads,Sampling,Freeze Backbone,Triplet Loss,Similarity Loss,Batch Size,Loss,Label Smoothing,Data Augmentation,Test-Time Augmentation,Metric Weight,Ensemble Test F1 (game5)
running_results_exp_114.csv,H2_S-50_50_T-new_B-64_L-focal_SM-True_F-False_DA-True_TA-True_MW-0.5,2,50_50,FALSE,FALSE,TRUE,64,focal,TRUE,TRUE,TRUE,0.5,91.90
running_results_exp_114.csv,H2_S-50_50_T-new_B-64_L-focal_SM-True_F-False_DA-True_TA-False_MW-0.5,2,50_50,FALSE,FALSE,TRUE,64,focal,TRUE,TRUE,FALSE,0.5,89.57
running_results_exp_114.csv,H2_S-50_50_T-new_B-64_L-focal_SM-True_F-False_DA-False_TA-True_MW-0.5,2,50_50,FALSE,FALSE,TRUE,64,focal,TRUE,FALSE,TRUE,0.5,88.91
running_results_exp_114.csv,H2_S-50_50_T-new_B-64_L-focal_SM-True_F-False_DA-False_TA-False_MW-0.5,2,50_50,FALSE,FALSE,TRUE,64,focal,TRUE,FALSE,FALSE,0.5,88.78
FINAL_RESULTS (1).csv,H3_S-50_50_T-old_F-False_B-32,3,50_50,FALSE,TRUE,FALSE,32,cross-entropy,FALSE,FALSE,FALSE,1,88.37
running_results_exp (1).csv,H3_S-50_50_T-old_F-False_B-32,3,50_50,FALSE,TRUE,FALSE,32,cross-entropy,FALSE,FALSE,FALSE,1,88.37
FINAL_RESULTS_114.csv,H2_S-50_50_T-old_B-32,2,50_50,FALSE,TRUE,FALSE,32,cross-entropy,FALSE,FALSE,FALSE,1,87.46
FINAL_RESULTS_114.csv,H2_S-50_50_T-new_B-32,2,50_50,FALSE,FALSE,TRUE,32,cross-entropy,FALSE,FALSE,FALSE,1,86.38
results_task_4.csv,H2_S-50_50_T-new_F-False_B-32,2,50_50,FALSE,FALSE,TRUE,32,cross-entropy,FALSE,FALSE,FALSE,1,86.23
results_task_3.csv,H2_S-50_50_T-new_F-False_B-16,2,50_50,FALSE,FALSE,TRUE,16,cross-entropy,FALSE,FALSE,FALSE,1,85.31
running_results_exp_114.csv,H2_S-50_50_T-new_B-64_L-focal_SM-False_F-True_DA-True_TA-True_MW-0.5,2,50_50,TRUE,FALSE,TRUE,64,focal,FALSE,TRUE,TRUE,0.5,84.33
running_results.csv,H1_S-50_50_T-new_F-True_B-16,1,50_50,TRUE,FALSE,TRUE,16,cross-entropy,FALSE,FALSE,FALSE,1,84.02
running_results.csv,H1_S-50_50_T-new_F-False_B-32,1,50_50,FALSE,FALSE,TRUE,32,cross-entropy,FALSE,FALSE,FALSE,1,83.81
running_results_exp_114.csv,H2_S-50_50_T-new_B-64_L-focal_SM-False_F-True_DA-True_TA-False_MW-0.5,2,50_50,TRUE,FALSE,TRUE,64,focal,FALSE,TRUE,FALSE,0.5,83.70
running_results.csv,H1_S-50_50_T-new_F-True_B-32,1,50_50,TRUE,FALSE,TRUE,32,cross-entropy,FALSE,FALSE,FALSE,1,83.47
running_results.csv,H1_S-50_50_T-new_F-False_B-16,1,50_50,FALSE,FALSE,TRUE,16,cross-entropy,FALSE,FALSE,FALSE,1,83.12
FINAL_RESULTS (1).csv,H1_S-none_T-old_F-False_B-32,1,none,FALSE,TRUE,FALSE,32,cross-entropy,FALSE,FALSE,FALSE,1,83.02
running_results_exp (1).csv,H1_S-none_T-old_F-False_B-32,1,none,FALSE,TRUE,FALSE,32,cross-entropy,FALSE,FALSE,FALSE,1,83.02
running_results_exp_114.csv,H2_S-50_50_T-new_B-64_L-focal_SM-True_F-True_DA-True_TA-True_MW-0.5,2,50_50,TRUE,FALSE,TRUE,64,focal,TRUE,TRUE,TRUE,0.5,82.95
running_results.csv,H1_S-50_50_T-new_F-True_B-64,1,50_50,TRUE,FALSE,TRUE,64,cross-entropy,FALSE,FALSE,FALSE,1,82.91
FINAL_RESULTS_114.csv,H3_S-50_50_T-old_B-32,3,50_50,FALSE,TRUE,FALSE,32,cross-entropy,FALSE,FALSE,FALSE,1,82.76
running_results_exp_114.csv,H2_S-50_50_T-new_B-64_L-focal_SM-True_F-True_DA-True_TA-False_MW-0.5,2,50_50,TRUE,FALSE,TRUE,64,focal,TRUE,TRUE,FALSE,0.5,82.59
running_results.csv,H1_S-50_50_T-new_F-False_B-64,1,50_50,FALSE,FALSE,TRUE,64,cross-entropy,FALSE,FALSE,FALSE,1,80.74
running_results_exp_114.csv,H2_S-50_50_T-new_B-64_L-focal_SM-True_F-True_DA-False_TA-False_MW-0.5,2,50_50,TRUE,FALSE,TRUE,64,focal,TRUE,FALSE,FALSE,0.5,80.27
running_results_exp_114.csv,H2_S-50_50_T-new_B-64_L-focal_SM-False_F-True_DA-False_TA-True_MW-0.5,2,50_50,TRUE,FALSE,TRUE,64,focal,FALSE,FALSE,TRUE,0.5,79.89
running_results_exp_114.csv,H2_S-50_50_T-new_B-64_L-focal_SM-False_F-True_DA-False_TA-False_MW-0.5,2,50_50,TRUE,FALSE,TRUE,64,focal,FALSE,FALSE,FALSE,0.5,78.46
running_results_exp_114.csv,H2_S-50_50_T-new_B-64_L-focal_SM-True_F-True_DA-False_TA-True_MW-0.5,2,50_50,TRUE,FALSE,TRUE,64,focal,TRUE,FALSE,TRUE,0.5,77.09
running_results.csv,H1_S-50_50_T-old_F-False_B-32,1,50_50,FALSE,TRUE,FALSE,32,cross-entropy,FALSE,FALSE,FALSE,1,75.88
running_results.csv,H1_S-50_50_T-old_F-True_B-64,1,50_50,TRUE,TRUE,FALSE,64,cross-entropy,FALSE,FALSE,FALSE,1,75.44
running_results.csv,H1_S-50_50_T-old_F-False_B-16,1,50_50,FALSE,TRUE,FALSE,16,cross-entropy,FALSE,FALSE,FALSE,1,75.27
running_results.csv,H1_S-50_50_T-old_F-True_B-32,1,50_50,TRUE,TRUE,FALSE,32,cross-entropy,FALSE,FALSE,FALSE,1,74.52
FINAL_RESULTS.csv,H3_S-50_50_T-old_F-False_B-32,3,50_50,FALSE,TRUE,FALSE,32,cross-entropy,FALSE,FALSE,FALSE,1,73.24
running_results_exp.csv,H3_S-50_50_T-old_F-False_B-32,3,50_50,FALSE,TRUE,FALSE,32,cross-entropy,FALSE,FALSE,FALSE,1,73.24
running_results.csv,H1_S-50_50_T-old_F-True_B-16,1,50_50,TRUE,TRUE,FALSE,16,cross-entropy,FALSE,FALSE,FALSE,1,72.95
running_results.csv,H1_S-50_50_T-old_F-False_B-64,1,50_50,FALSE,TRUE,FALSE,64,cross-entropy,FALSE,FALSE,FALSE,1,72.02
FINAL_RESULTS_114.csv,H3_S-50_50_T-new_B-32,3,50_50,FALSE,FALSE,TRUE,32,cross-entropy,FALSE,FALSE,FALSE,1,69.98
FINAL_RESULTS.csv,H1_S-none_T-old_F-False_B-32,1,none,FALSE,TRUE,FALSE,32,cross-entropy,FALSE,FALSE,FALSE,1,68.25
running_results_exp.csv,H1_S-none_T-old_F-False_B-32,1,none,FALSE,TRUE,FALSE,32,cross-entropy,FALSE,FALSE,FALSE,1,68.25
results_task_5.csv,H3_S-50_50_T-new_F-True_B-16,3,50_50,TRUE,FALSE,TRUE,16,cross-entropy,FALSE,FALSE,FALSE,1,58.39
FINAL_RESULTS.csv,H1_S-50_50_T-old_F-True_B-32,1,50_50,TRUE,TRUE,FALSE,32,cross-entropy,FALSE,FALSE,FALSE,1,57.60
running_results_exp.csv,H1_S-50_50_T-old_F-True_B-32,1,50_50,TRUE,TRUE,FALSE,32,cross-entropy,FALSE,FALSE,FALSE,1,57.60
FINAL_RESULTS (1).csv,H3_S-50_50_T-new_F-True_B-16,3,50_50,TRUE,FALSE,TRUE,16,cross-entropy,FALSE,FALSE,FALSE,1,57.49
running_results_exp (1).csv,H3_S-50_50_T-new_F-True_B-16,3,50_50,TRUE,FALSE,TRUE,16,cross-entropy,FALSE,FALSE,FALSE,1,57.49
FINAL_RESULTS (1).csv,H2_S-50_50_T-new_F-True_B-16,2,50_50,TRUE,FALSE,TRUE,16,cross-entropy,FALSE,FALSE,FALSE,1,56.64
running_results_exp (1).csv,H2_S-50_50_T-new_F-True_B-16,2,50_50,TRUE,FALSE,TRUE,16,cross-entropy,FALSE,FALSE,FALSE,1,56.64
FINAL_RESULTS (1).csv,H1_S-50_50_T-old_F-True_B-32,1,50_50,TRUE,TRUE,FALSE,32,cross-entropy,FALSE,FALSE,FALSE,1,56.36
running_results_exp (1).csv,H1_S-50_50_T-old_F-True_B-32,1,50_50,TRUE,TRUE,FALSE,32,cross-entropy,FALSE,FALSE,FALSE,1,56.36
FINAL_RESULTS.csv,H3_S-50_50_T-new_F-True_B-16,3,50_50,TRUE,FALSE,TRUE,16,cross-entropy,FALSE,FALSE,FALSE,1,56.05
running_results_exp.csv,H3_S-50_50_T-new_F-True_B-16,3,50_50,TRUE,FALSE,TRUE,16,cross-entropy,FALSE,FALSE,FALSE,1,56.05
FINAL_RESULTS.csv,H2_S-50_50_T-new_F-True_B-16,2,50_50,TRUE,FALSE,TRUE,16,cross-entropy,FALSE,FALSE,FALSE,1,55.97
running_results_exp.csv,H2_S-50_50_T-new_F-True_B-16,2,50_50,TRUE,FALSE,TRUE,16,cross-entropy,FALSE,FALSE,FALSE,1,55.97
results_task_2.csv,H2_S-50_50_T-new_F-True_B-32,2,50_50,TRUE,FALSE,TRUE,32,cross-entropy,FALSE,FALSE,FALSE,1,55.89
results_task_1.csv,H2_S-50_50_T-new_F-True_B-16,2,50_50,TRUE,FALSE,TRUE,16,cross-entropy,FALSE,FALSE,FALSE,1,55.48
FINAL_RESULTS.csv,H1_S-50_50_T-new_F-True_B-16,1,50_50,TRUE,FALSE,TRUE,16,cross-entropy,FALSE,FALSE,FALSE,1,55.36
running_results_exp.csv,H1_S-50_50_T-new_F-True_B-16,1,50_50,TRUE,FALSE,TRUE,16,cross-entropy,FALSE,FALSE,FALSE,1,55.36
FINAL_RESULTS (1).csv,H1_S-50_50_T-new_F-True_B-16,1,50_50,TRUE,FALSE,TRUE,16,cross-entropy,FALSE,FALSE,FALSE,1,55.33
running_results_exp (1).csv,H1_S-50_50_T-new_F-True_B-16,1,50_50,TRUE,FALSE,TRUE,16,cross-entropy,FALSE,FALSE,FALSE,1,55.33